event_id,event_type,actor_login,repo_name,event_created_at,ingested_at,payload
e001,PushEvent,octocat,octocat/hello-world,2026-09-20T10:01:00Z,2026-09-20T10:01:05Z,"{""id"":""e001"",""repo"":{""id"":""1000""},""payload"":{""action"":""synchronize"",""ref"":""refs/heads/main"",""repository"":{""language"":""Ruby"",""description"":""hello"",""stargazers_count"":""10""}},""public"":""true""}"
e002,WatchEvent,alice,octocat/hello-world,2026-09-20T10:03:00Z,2026-09-20T10:03:04Z,"{""id"":""e002"",""repo"":{""id"":""1000""},""payload"":{""action"":""started"",""ref"":null,""repository"":{""language"":""Ruby"",""description"":""hello"",""stargazers_count"":""11""}},""public"":""true""}"
e003,PushEvent,octocat,octocat/hello-world,2026-09-20T10:15:00Z,2026-09-20T10:15:03Z,"{""id"":""e003"",""repo"":{""id"":""1000""},""payload"":{""action"":""synchronize"",""ref"":""refs/heads/main"",""repository"":{""language"":""Ruby"",""description"":""hello world in ruby"",""stargazers_count"":""11""}},""public"":""true""}"
e004,PullRequestEvent,bob,rust-lang/rust,2026-09-20T10:20:00Z,2026-09-20T10:20:07Z,"{""id"":""e004"",""repo"":{""id"":""2000""},""payload"":{""action"":""opened"",""ref"":""refs/pull/1/head"",""repository"":{""language"":""Rust"",""description"":""Empowering everyone to build reliable and efficient software."",""stargazers_count"":""98000""}},""public"":""true""}"
e005,PushEvent,carol,rust-lang/rust,2026-09-20T10:22:00Z,2026-09-20T10:22:02Z,"{""id"":""e005"",""repo"":{""id"":""2000""},""payload"":{""action"":""synchronize"",""ref"":""refs/heads/master"",""repository"":{""language"":""Rust"",""description"":""Empowering everyone to build reliable and efficient software."",""stargazers_count"":""98001""}},""public"":""true""}"
e006,IssuesEvent,dave,rust-lang/rust,2026-09-20T10:35:00Z,2026-09-20T10:35:08Z,"{""id"":""e006"",""repo"":{""id"":""2000""},""payload"":{""action"":""opened"",""ref"":null,""repository"":{""language"":""Rust"",""description"":""Empowering everyone to build reliable and efficient software."",""stargazers_count"":""98002""}},""public"":""true""}"
e007,ForkEvent,eve,torvalds/linux,2026-09-20T10:40:00Z,2026-09-20T10:40:06Z,"{""id"":""e007"",""repo"":{""id"":""3000""},""payload"":{""action"":null,""ref"":null,""repository"":{""language"":""C"",""description"":""Linux kernel source tree"",""stargazers_count"":""180000""}},""public"":""true""}"
e008,WatchEvent,frank,torvalds/linux,2026-09-20T10:45:00Z,2026-09-20T10:45:03Z,"{""id"":""e008"",""repo"":{""id"":""3000""},""payload"":{""action"":""started"",""ref"":null,""repository"":{""language"":""C"",""description"":""Linux kernel source tree"",""stargazers_count"":""180001""}},""public"":""true""}"
e009,IssueCommentEvent,alice,octocat/hello-world,2026-09-20T10:50:00Z,2026-09-20T10:50:05Z,"{""id"":""e009"",""repo"":{""id"":""1000""},""payload"":{""action"":""created"",""ref"":null,""repository"":{""language"":""Ruby"",""description"":""hello world in ruby"",""stargazers_count"":""12""}},""public"":""true""}"
e010,PushEvent,octocat,octocat/hello-world,2026-09-20T11:05:00Z,2026-09-20T11:05:03Z,"{""id"":""e010"",""repo"":{""id"":""1000""},""payload"":{""action"":""synchronize"",""ref"":""refs/heads/main"",""repository"":{""language"":""Python"",""description"":""hello world in ruby"",""stargazers_count"":""12""}},""public"":""true""}"
e011,ReleaseEvent,bob,rust-lang/rust,2026-09-20T11:10:00Z,2026-09-20T11:10:04Z,"{""id"":""e011"",""repo"":{""id"":""2000""},""payload"":{""action"":""published"",""ref"":""refs/tags/1.80.0"",""repository"":{""language"":""Rust"",""description"":""Empowering everyone to build reliable and efficient software."",""stargazers_count"":""98010""}},""public"":""true""}"
e012,PullRequestReviewEvent,carol,rust-lang/rust,2026-09-20T11:15:00Z,2026-09-20T11:15:03Z,"{""id"":""e012"",""repo"":{""id"":""2000""},""payload"":{""action"":""submitted"",""ref"":null,""repository"":{""language"":""Rust"",""description"":""Empowering everyone to build reliable and efficient software."",""stargazers_count"":""98010""}},""public"":""true""}"
e013,PushEvent,grace,torvalds/linux,2026-09-20T11:20:00Z,2026-09-20T11:20:02Z,"{""id"":""e013"",""repo"":{""id"":""3000""},""payload"":{""action"":""synchronize"",""ref"":""refs/heads/master"",""repository"":{""language"":""C"",""description"":""Linux kernel source tree"",""stargazers_count"":""180010""}},""public"":""true""}"
e014,CreateEvent,heidi,octocat/hello-world,2026-09-20T11:25:00Z,2026-09-20T11:25:05Z,"{""id"":""e014"",""repo"":{""id"":""1000""},""payload"":{""action"":null,""ref"":""refs/heads/feature-x"",""ref_type"":""branch"",""repository"":{""language"":""Python"",""description"":""hello world in ruby"",""stargazers_count"":""12""}},""public"":""true""}"
e015,DeleteEvent,heidi,octocat/hello-world,2026-09-20T11:30:00Z,2026-09-20T11:30:03Z,"{""id"":""e015"",""repo"":{""id"":""1000""},""payload"":{""action"":null,""ref"":""refs/heads/feature-x"",""ref_type"":""branch"",""repository"":{""language"":""Python"",""description"":""hello world, now in python"",""stargazers_count"":""13""}},""public"":""true""}"
e016,PushEvent,ivan,rust-lang/rust,2026-09-20T11:40:00Z,2026-09-20T11:40:06Z,"{""id"":""e016"",""repo"":{""id"":""2000""},""payload"":{""action"":""synchronize"",""ref"":""refs/heads/master"",""repository"":{""language"":""Rust"",""description"":""Empowering everyone to build reliable and efficient software."",""stargazers_count"":""98015""}},""public"":""true""}"
e017,WatchEvent,judy,torvalds/linux,2026-09-20T11:45:00Z,2026-09-20T11:45:02Z,"{""id"":""e017"",""repo"":{""id"":""3000""},""payload"":{""action"":""started"",""ref"":null,""repository"":{""language"":""C"",""description"":""Linux kernel source tree"",""stargazers_count"":""180020""}},""public"":""true""}"
e018,PushEvent,octocat,octocat/hello-world,2026-09-20T11:55:00Z,2026-09-20T11:55:04Z,"{""id"":""e018"",""repo"":{""id"":""1000""},""payload"":{""action"":""synchronize"",""ref"":""refs/heads/main"",""repository"":{""language"":""Python"",""description"":""hello world, now in python"",""stargazers_count"":""14""}},""public"":""true""}"
e019,IssuesEvent,ken,rust-lang/rust,2026-09-20T12:05:00Z,2026-09-20T12:05:07Z,"{""id"":""e019"",""repo"":{""id"":""2000""},""payload"":{""action"":""closed"",""ref"":null,""repository"":{""language"":""Rust"",""description"":""Empowering everyone to build reliable and efficient software."",""stargazers_count"":""98020""}},""public"":""true""}"
e020,PushEvent,lily,torvalds/linux,2026-09-20T12:10:00Z,2026-09-20T12:10:03Z,"{""id"":""e020"",""repo"":{""id"":""3000""},""payload"":{""action"":""synchronize"",""ref"":""refs/heads/master"",""repository"":{""language"":""C"",""description"":""Linux kernel source tree"",""stargazers_count"":""180025""}},""public"":""true""}"
e021,WatchEvent,mallory,octocat/hello-world,2026-09-20T12:20:00Z,2026-09-20T12:20:05Z,"{""id"":""e021"",""repo"":{""id"":""1000""},""payload"":{""action"":""started"",""ref"":null,""repository"":{""language"":""Python"",""description"":""hello world, now in python"",""stargazers_count"":""15""}},""public"":""true""}"
e022,PullRequestEvent,ninna,rust-lang/rust,2026-09-20T12:30:00Z,2026-09-20T12:30:04Z,"{""id"":""e022"",""repo"":{""id"":""2000""},""payload"":{""action"":""opened"",""ref"":""refs/pull/2/head"",""repository"":{""language"":""Rust"",""description"":""Empowering everyone to build reliable and efficient software."",""stargazers_count"":""98025""}},""public"":""true""}"
e023,PushEvent,oscar,rust-lang/rust,2026-09-20T12:35:00Z,2026-09-20T12:35:03Z,"{""id"":""e023"",""repo"":{""id"":""2000""},""payload"":{""action"":""synchronize"",""ref"":""refs/heads/master"",""repository"":{""language"":""Rust"",""description"":""Empowering everyone to build reliable and efficient software."",""stargazers_count"":""98030""}},""public"":""true""}"
e024,ForkEvent,peggy,torvalds/linux,2026-09-20T12:40:00Z,2026-09-20T12:40:06Z,"{""id"":""e024"",""repo"":{""id"":""3000""},""payload"":{""action"":null,""ref"":null,""repository"":{""language"":""C"",""description"":""Linux kernel source tree"",""stargazers_count"":""180030""}},""public"":""true""}"
e025,PushEvent,quinn,octocat/hello-world,2026-09-20T12:45:00Z,2026-09-20T12:45:02Z,"{""id"":""e025"",""repo"":{""id"":""1000""},""payload"":{""action"":""synchronize"",""ref"":""refs/heads/main"",""repository"":{""language"":""Python"",""description"":""hello world, now in python"",""stargazers_count"":""16""}},""public"":""true""}"
e026,IssueCommentEvent,ruth,rust-lang/rust,2026-09-20T12:50:00Z,2026-09-20T12:50:05Z,"{""id"":""e026"",""repo"":{""id"":""2000""},""payload"":{""action"":""created"",""ref"":null,""repository"":{""language"":""Rust"",""description"":""Empowering everyone to build reliable and efficient software."",""stargazers_count"":""98035""}},""public"":""true""}"
e027,ReleaseEvent,sam,torvalds/linux,2026-09-20T12:55:00Z,2026-09-20T12:55:04Z,"{""id"":""e027"",""repo"":{""id"":""3000""},""payload"":{""action"":""published"",""ref"":""refs/tags/6.11"",""repository"":{""language"":""C"",""description"":""Linux kernel source tree"",""stargazers_count"":""180040""}},""public"":""true""}"
e028,PushEvent,octocat,octocat/hello-world,2026-09-20T13:05:00Z,2026-09-20T13:05:03Z,"{""id"":""e028"",""repo"":{""id"":""1000""},""payload"":{""action"":""synchronize"",""ref"":""refs/heads/main"",""repository"":{""language"":""Python"",""description"":""hello world, now in python"",""stargazers_count"":""17""}},""public"":""true""}"
e029,PullRequestEvent,trent,rust-lang/rust,2026-09-20T13:10:00Z,2026-09-20T13:10:06Z,"{""id"":""e029"",""repo"":{""id"":""2000""},""payload"":{""action"":""synchronize"",""ref"":""refs/pull/2/head"",""repository"":{""language"":""Rust"",""description"":""Empowering everyone to build reliable and efficient software."",""stargazers_count"":""98040""}},""public"":""true""}"
e030,WatchEvent,ursula,torvalds/linux,2026-09-20T13:15:00Z,2026-09-20T13:15:02Z,"{""id"":""e030"",""repo"":{""id"":""3000""},""payload"":{""action"":""started"",""ref"":null,""repository"":{""language"":""C"",""description"":""Linux kernel source tree"",""stargazers_count"":""180050""}},""public"":""true""}"
